Team,Rating,League Rank,Global Rank,Ranking Change 7 Days,League,League Tier,Country,Region
MC ALGER,77.1,1,291,29,Algerian Ligue 1,Tier 1,Algeria,Africa
BELUIZDAD,76.6,2,320,58,Algerian Ligue 1,Tier 1,Algeria,Africa
KABYLIE,75.4,3,414,14,Algerian Ligue 1,Tier 1,Algeria,Africa
USM ALGER,74.7,4,466,21,Algerian Ligue 1,Tier 1,Algeria,Africa
CS CONSTANTINE,73.3,5,587,33,Algerian Ligue 1,Tier 1,Algeria,Africa
MC ORAN,72.5,6,652,35,Algerian Ligue 1,Tier 1,Algeria,Africa
SAOURA,72.3,7,669,34,Algerian Ligue 1,Tier 1,Algeria,Africa
BEN AKNOUN,72.2,8,692,18,Algerian Ligue 1,Tier 1,Algeria,Africa
OLYMPIQUE AKBOU,71.7,9,732,10,Algerian Ligue 1,Tier 1,Algeria,Africa
MB ROUISSET,71.7,10,737,37,Algerian Ligue 1,Tier 1,Algeria,Africa
ES SÉTIF,71.4,11,773,42,Algerian Ligue 1,Tier 1,Algeria,Africa
KHENCHELA,71.2,12,820,32,Algerian Ligue 1,Tier 1,Algeria,Africa
ASO CHLEF,70.9,13,857,32,Algerian Ligue 1,Tier 1,Algeria,Africa
PARADOU AC,70.7,14,875,41,Algerian Ligue 1,Tier 1,Algeria,Africa
ES MOSTAGANEM,69.4,15,1061,99,Algerian Ligue 1,Tier 1,Algeria,Africa
EL BAYADH,67.8,16,1288,53,Algerian Ligue 1,Tier 1,Algeria,Africa
SALZBURG,79.3,1,186,9,Austrian Bundesliga,Tier 1,Austria,Europe
STURM GRAZ,76.9,2,308,38,Austrian Bundesliga,Tier 1,Austria,Europe
LASK,76.1,3,360,17,Austrian Bundesliga,Tier 1,Austria,Europe
WOLFSBERGER AC,75.9,4,371,-1,Austrian Bundesliga,Tier 1,Austria,Europe
AUSTRIA WIEN,75.1,5,436,17,Austrian Bundesliga,Tier 1,Austria,Europe
HARTBERG,74.5,6,483,8,Austrian Bundesliga,Tier 1,Austria,Europe
RAPID,73.1,7,601,-5,Austrian Bundesliga,Tier 1,Austria,Europe
RIED,71.5,8,771,62,Austrian Bundesliga,Tier 1,Austria,Europe
WSG TIROL,71,9,845,20,Austrian Bundesliga,Tier 1,Austria,Europe
RHEINDORF ALTACH,70.5,10,911,34,Austrian Bundesliga,Tier 1,Austria,Europe
GRAZER AK,68.9,11,1125,38,Austrian Bundesliga,Tier 1,Austria,Europe
BLAU-WEISS LINZ,68.9,12,1126,30,Austrian Bundesliga,Tier 1,Austria,Europe
QARABAĞ,80.1,1,152,-1,Azerbaijan Premier League,Tier 1,Azerbaijan,Middle East
SABAH,76.5,2,331,42,Azerbaijan Premier League,Tier 1,Azerbaijan,Middle East
ZIRA,74.4,3,494,-42,Azerbaijan Premier League,Tier 1,Azerbaijan,Middle East
TURAN,71.9,4,721,-3,Azerbaijan Premier League,Tier 1,Azerbaijan,Middle East
NEFTÇI,71.5,5,760,118,Azerbaijan Premier League,Tier 1,Azerbaijan,Middle East
ARAZ NAXÇIVAN,70.3,6,929,-113,Azerbaijan Premier League,Tier 1,Azerbaijan,Middle East
SUMQAYIT,68.7,7,1163,66,Azerbaijan Premier League,Tier 1,Azerbaijan,Middle East
İMIŞLI,67.6,8,1335,-43,Azerbaijan Premier League,Tier 1,Azerbaijan,Middle East
ŞAMAXI,67.5,9,1345,98,Azerbaijan Premier League,Tier 1,Azerbaijan,Middle East
QƏBƏLƏ,67,10,1416,65,Azerbaijan Premier League,Tier 1,Azerbaijan,Middle East
KAPAZ,64.2,11,2135,-175,Azerbaijan Premier League,Tier 1,Azerbaijan,Middle East
KARVAN,62.4,12,2787,-141,Azerbaijan Premier League,Tier 1,Azerbaijan,Middle East
UNION SAINT-GILLOISE,87.5,1,36,5,Belgian Jupiler Pro League,Tier 1,Belgium,Europe
CLUB BRUGGE,87.1,2,39,4,Belgian Jupiler Pro League,Tier 1,Belgium,Europe
GENK,82,3,92,16,Belgian Jupiler Pro League,Tier 1,Belgium,Europe
SPORTING CHARLEROI,81.1,4,113,41,Belgian Jupiler Pro League,Tier 1,Belgium,Europe
ANDERLECHT,80.2,5,145,-5,Belgian Jupiler Pro League,Tier 1,Belgium,Europe
SINT-TRUIDEN,79.7,6,160,-4,Belgian Jupiler Pro League,Tier 1,Belgium,Europe
ANTWERP,79.6,7,168,52,Belgian Jupiler Pro League,Tier 1,Belgium,Europe
GENT,79.4,8,175,17,Belgian Jupiler Pro League,Tier 1,Belgium,Europe
MECHELEN,78.5,9,218,22,Belgian Jupiler Pro League,Tier 1,Belgium,Europe
WESTERLO,77.5,10,267,54,Belgian Jupiler Pro League,Tier 1,Belgium,Europe
ZULTE WAREGEM,76.8,11,314,-5,Belgian Jupiler Pro League,Tier 1,Belgium,Europe
STANDARD LIÈGE,76.3,12,342,79,Belgian Jupiler Pro League,Tier 1,Belgium,Europe
CERCLE BRUGGE,76.2,13,349,-17,Belgian Jupiler Pro League,Tier 1,Belgium,Europe
RAAL LA LOUVIÈRE,75.9,14,374,33,Belgian Jupiler Pro League,Tier 1,Belgium,Europe
OH LEUVEN,75.4,15,409,40,Belgian Jupiler Pro League,Tier 1,Belgium,Europe
DENDER,74.3,16,497,7,Belgian Jupiler Pro League,Tier 1,Belgium,Europe
FAR RABAT,79.9,1,158,-10,Botola Pro,Tier 1,Morocco,Africa
RSB BERKANE,79.1,2,193,-36,Botola Pro,Tier 1,Morocco,Africa
RAJA CASABLANCA,78.3,3,223,-6,Botola Pro,Tier 1,Morocco,Africa
WYDAD CASABLANCA,77.4,4,275,-42,Botola Pro,Tier 1,Morocco,Africa
MAGHREB FÈS,75.2,5,430,-26,Botola Pro,Tier 1,Morocco,Africa
FUS RABAT,73.7,6,546,-39,Botola Pro,Tier 1,Morocco,Africa
OLYMPIC SAFI,71.9,7,718,-40,Botola Pro,Tier 1,Morocco,Africa
CODM MEKNÈS,71.5,8,768,-47,Botola Pro,Tier 1,Morocco,Africa
DIFAÂ EL JADIDA,71.4,9,776,-31,Botola Pro,Tier 1,Morocco,Africa
ITTIHAD TANGER,71.3,10,789,-57,Botola Pro,Tier 1,Morocco,Africa
RENAISSANCE ZEMAMRA,71.3,11,790,-63,Botola Pro,Tier 1,Morocco,Africa
KAWKAB MARRAKECH,70.4,12,912,-26,Botola Pro,Tier 1,Morocco,Africa
UTS RABAT,70.3,13,925,-21,Botola Pro,Tier 1,Morocco,Africa
OLYMPIQUE DCHEÏRA,70.3,14,931,-39,Botola Pro,Tier 1,Morocco,Africa
HASSANIA AGADIR,69.3,15,1077,12,Botola Pro,Tier 1,Morocco,Africa
YACOUB EL MANSOUR,68.9,16,1131,-95,Botola Pro,Tier 1,Morocco,Africa
BASEL,78.1,1,240,-54,Brack Super League,Tier 1,Switzerland,Europe
LUGANO,77.6,2,256,-7,Brack Super League,Tier 1,Switzerland,Europe
THUN,77.4,3,274,9,Brack Super League,Tier 1,Switzerland,Europe
YOUNG BOYS,76.4,4,337,12,Brack Super League,Tier 1,Switzerland,Europe
LAUSANNE-SPORT,76.3,5,345,-45,Brack Super League,Tier 1,Switzerland,Europe
ST.GALLEN,76.3,6,346,-6,Brack Super League,Tier 1,Switzerland,Europe
SERVETTE,75.4,7,412,-19,Brack Super League,Tier 1,Switzerland,Europe
SION,75,8,445,1,Brack Super League,Tier 1,Switzerland,Europe
LUZERN,73.4,9,575,-15,Brack Super League,Tier 1,Switzerland,Europe
ZÜRICH,73.1,10,606,-38,Brack Super League,Tier 1,Switzerland,Europe
GRASSHOPPERS,72.3,11,667,-6,Brack Super League,Tier 1,Switzerland,Europe
WINTERTHUR,70.2,12,948,46,Brack Super League,Tier 1,Switzerland,Europe
FLAMENGO,84.3,1,62,-8,Brazilian Serie A,Tier 1,Brazil,South America
PALMEIRAS,83,2,74,1,Brazilian Serie A,Tier 1,Brazil,South America
BOTAFOGO,81.3,3,108,14,Brazilian Serie A,Tier 1,Brazil,South America
FLUMINENSE,80.8,4,122,8,Brazilian Serie A,Tier 1,Brazil,South America
MIRASSOL,80.3,5,139,8,Brazilian Serie A,Tier 1,Brazil,South America
CRUZEIRO,79.6,6,165,-16,Brazilian Serie A,Tier 1,Brazil,South America
SÃO PAULO,78,7,242,22,Brazilian Serie A,Tier 1,Brazil,South America
BAHIA,77.8,8,251,23,Brazilian Serie A,Tier 1,Brazil,South America
CORINTHIANS,77.7,9,252,-2,Brazilian Serie A,Tier 1,Brazil,South America
ATLÉTICO MINEIRO,77.5,10,271,-4,Brazilian Serie A,Tier 1,Brazil,South America
ATHLETICO PARANAENSE,76.8,11,311,40,Brazilian Serie A,Tier 1,Brazil,South America
GRÊMIO,76.6,12,324,-9,Brazilian Serie A,Tier 1,Brazil,South America
SANTOS,76.5,13,330,-42,Brazilian Serie A,Tier 1,Brazil,South America
VITÓRIA,76.4,14,335,31,Brazilian Serie A,Tier 1,Brazil,South America
CHAPECOENSE,76.2,15,351,39,Brazilian Serie A,Tier 1,Brazil,South America
RB BRAGANTINO,76.1,16,362,44,Brazilian Serie A,Tier 1,Brazil,South America
INTERNACIONAL,75.8,17,380,-30,Brazilian Serie A,Tier 1,Brazil,South America
CORITIBA,75.4,18,413,-39,Brazilian Serie A,Tier 1,Brazil,South America
VASCO DA GAMA,75.3,19,417,-8,Brazilian Serie A,Tier 1,Brazil,South America
REMO,75.3,20,423,-26,Brazilian Serie A,Tier 1,Brazil,South America
ATHLETICO PARANAENSE,76.8,1,311,40,Brazilian Serie B,Tier 1,Brazil,South America
CHAPECOENSE,76.2,2,351,39,Brazilian Serie B,Tier 1,Brazil,South America
CORITIBA,75.4,3,413,-39,Brazilian Serie B,Tier 1,Brazil,South America
REMO,75.3,4,423,-26,Brazilian Serie B,Tier 1,Brazil,South America
CRICIÚMA,71.1,5,830,-10,Brazilian Serie B,Tier 1,Brazil,South America
NOVORIZONTINO,71.1,6,836,-7,Brazilian Serie B,Tier 1,Brazil,South America
GOIÁS,70.9,7,859,-3,Brazilian Serie B,Tier 1,Brazil,South America
AVAÍ,70.7,8,882,9,Brazilian Serie B,Tier 1,Brazil,South America
ATLÉTICO GOIANIENSE,70.5,9,898,10,Brazilian Serie B,Tier 1,Brazil,South America
CUIABÁ,70.5,10,902,11,Brazilian Serie B,Tier 1,Brazil,South America
CRB,70.5,11,907,8,Brazilian Serie B,Tier 1,Brazil,South America
AMÉRICA MINEIRO,70.4,12,918,6,Brazilian Serie B,Tier 1,Brazil,South America
OPERÁRIO PR,70.1,13,965,5,Brazilian Serie B,Tier 1,Brazil,South America
VILA NOVA,69.9,14,995,4,Brazilian Serie B,Tier 1,Brazil,South America
ATHLETIC CLUB MG,69.7,15,1016,18,Brazilian Serie B,Tier 1,Brazil,South America
BOTAFOGO SP,69.5,16,1046,20,Brazilian Serie B,Tier 1,Brazil,South America
FERROVIÁRIA,69.5,17,1052,16,Brazilian Serie B,Tier 1,Brazil,South America
VOLTA REDONDA,69.2,18,1082,10,Brazilian Serie B,Tier 1,Brazil,South America
AMAZONAS,69.2,19,1090,8,Brazilian Serie B,Tier 1,Brazil,South America
PAYSANDU,69.1,20,1112,12,Brazilian Serie B,Tier 1,Brazil,South America
COQUIMBO UNIDO,76.7,1,318,-45,Chile Primera,Tier 1,Chile,South America
UNIVERSIDAD DE CHILE,75.5,2,403,-14,Chile Primera,Tier 1,Chile,South America
UNIVERSIDAD CATÓLICA,73.9,3,523,-13,Chile Primera,Tier 1,Chile,South America
COLO COLO,72.5,4,650,-34,Chile Primera,Tier 1,Chile,South America
O'HIGGINS,72.3,5,677,3,Chile Primera,Tier 1,Chile,South America
AUDAX ITALIANO,72.2,6,682,30,Chile Primera,Tier 1,Chile,South America
PALESTINO,71.8,7,724,-13,Chile Primera,Tier 1,Chile,South America
COBRESAL,71.1,8,824,38,Chile Primera,Tier 1,Chile,South America
DEPORTES LIMACHE,70.7,9,880,94,Chile Primera,Tier 1,Chile,South America
HUACHIPATO,70.6,10,890,-35,Chile Primera,Tier 1,Chile,South America
ÑUBLENSE,69.4,11,1057,36,Chile Primera,Tier 1,Chile,South America
UNIVERSIDAD CONCEPCIÓN,69.1,12,1109,101,Chile Primera,Tier 1,Chile,South America
EVERTON,68.7,13,1171,11,Chile Primera,Tier 1,Chile,South America
DEPORTES CONCEPCIÓN,68.1,14,1241,15,Chile Primera,Tier 1,Chile,South America
UNIÓN LA CALERA,67.3,15,1374,6,Chile Primera,Tier 1,Chile,South America
LA SERENA,67.2,16,1398,34,Chile Primera,Tier 1,Chile,South America
ATLÉTICO NACIONAL,79.5,1,173,3,Colombia Primera A Apertura,Tier 1,Colombia,South America
DEPORTES TOLIMA,78.7,2,213,-2,Colombia Primera A Apertura,Tier 1,Colombia,South America
AMÉRICA DE CALI,77.1,3,287,-18,Colombia Primera A Apertura,Tier 1,Colombia,South America
ATLÉTICO BUCARAMANGA,77.1,4,299,5,Colombia Primera A Apertura,Tier 1,Colombia,South America
JUNIOR,77,5,303,-11,Colombia Primera A Apertura,Tier 1,Colombia,South America
INDEPENDIENTE MEDELLÍN,76.9,6,305,-10,Colombia Primera A Apertura,Tier 1,Colombia,South America
INDEPENDIENTE SANTA FE,76,7,363,4,Colombia Primera A Apertura,Tier 1,Colombia,South America
ONCE CALDAS,75.4,8,410,0,Colombia Primera A Apertura,Tier 1,Colombia,South America
MILLONARIOS,74.6,9,479,-25,Colombia Primera A Apertura,Tier 1,Colombia,South America
DEPORTIVO PASTO,73,10,609,-28,Colombia Primera A Apertura,Tier 1,Colombia,South America
FORTALEZA,72.9,11,623,-1,Colombia Primera A Apertura,Tier 1,Colombia,South America
ÁGUILAS DORADAS,72.6,12,641,0,Colombia Primera A Apertura,Tier 1,Colombia,South America
ALIANZA,72.2,13,687,-53,Colombia Primera A Apertura,Tier 1,Colombia,South America
LLANEROS,72.2,14,690,51,Colombia Primera A Apertura,Tier 1,Colombia,South America
DEPORTIVO CALI,71.5,15,762,61,Colombia Primera A Apertura,Tier 1,Colombia,South America
JAGUARES DE CÓRDOBA,70.9,16,855,-58,Colombia Primera A Apertura,Tier 1,Colombia,South America
DEPORTIVO PEREIRA,70.5,17,908,46,Colombia Primera A Apertura,Tier 1,Colombia,South America
CÚCUTA DEPORTIVO,70,18,986,17,Colombia Primera A Apertura,Tier 1,Colombia,South America
INTER BOGOTÁ,68.6,19,1185,84,Colombia Primera A Apertura,Tier 1,Colombia,South America
BOYACÁ CHICÓ,68.6,20,1188,0,Colombia Primera A Apertura,Tier 1,Colombia,South America
DINAMO ZAGREB,82.4,1,84,-2,Prva HNL,Tier 1,Croatia,Europe
RIJEKA,78.6,2,214,-12,Prva HNL,Tier 1,Croatia,Europe
HAJDUK SPLIT,78.5,3,220,-11,Prva HNL,Tier 1,Croatia,Europe
ISTRA 1961,77,4,301,-4,Prva HNL,Tier 1,Croatia,Europe
VARAŽDIN,75.8,5,383,100,Prva HNL,Tier 1,Croatia,Europe
SLAVEN KOPRIVNICA,74.4,6,488,-23,Prva HNL,Tier 1,Croatia,Europe
LOKOMOTIVA ZAGREB,74.4,7,492,27,Prva HNL,Tier 1,Croatia,Europe
OSIJEK,73.7,8,545,68,Prva HNL,Tier 1,Croatia,Europe
VUKOVAR,73.1,9,598,31,Prva HNL,Tier 1,Croatia,Europe
HNK GORICA,72.4,10,656,43,Prva HNL,Tier 1,Croatia,Europe
OMONIA NICOSIA,82.6,1,79,6,Division 1,Tier 1,Cyprus,Middle East
PAFOS,82.2,2,87,7,Division 1,Tier 1,Cyprus,Middle East
AEK LARNACA,81.5,3,105,8,Division 1,Tier 1,Cyprus,Middle East
ARIS LIMASSOL,80.2,4,149,-6,Division 1,Tier 1,Cyprus,Middle East
APOEL,78.9,5,199,32,Division 1,Tier 1,Cyprus,Middle East
APOLLON,77.1,6,297,34,Division 1,Tier 1,Cyprus,Middle East
AEL,73.8,7,533,74,Division 1,Tier 1,Cyprus,Middle East
ANORTHOSIS,72.9,8,619,-13,Division 1,Tier 1,Cyprus,Middle East
OLYMPIAKOS NICOSIA,71.6,9,742,51,Division 1,Tier 1,Cyprus,Middle East
ETHNIKOS ACHNA,70.2,10,940,136,Division 1,Tier 1,Cyprus,Middle East
AKRITAS,70.2,11,949,128,Division 1,Tier 1,Cyprus,Middle East
OMONIA ARADIPPOU,70.1,12,964,12,Division 1,Tier 1,Cyprus,Middle East
KRASAVA YPSONAS,69.4,13,1058,51,Division 1,Tier 1,Cyprus,Middle East
ENOSIS,66.1,14,1589,-20,Division 1,Tier 1,Cyprus,Middle East
SLAVIA PRAHA,84.4,1,61,-6,First League,Tier 1,Czechia,Europe
VIKTORIA PLZEŇ,82.1,2,89,18,First League,Tier 1,Czechia,Europe
SPARTA PRAHA,81.2,3,111,10,First League,Tier 1,Czechia,Europe
JABLONEC,78.9,4,202,3,First League,Tier 1,Czechia,Europe
SLOVAN LIBEREC,77.1,5,288,14,First League,Tier 1,Czechia,Europe
HRADEC KRÁLOVÉ,75.3,6,421,-13,First League,Tier 1,Czechia,Europe
KARVINÁ,74.6,7,472,-17,First League,Tier 1,Czechia,Europe
SIGMA OLOMOUC,74.6,8,475,18,First League,Tier 1,Czechia,Europe
BANÍK OSTRAVA,73.7,9,548,5,First League,Tier 1,Czechia,Europe
TEPLICE,72.9,10,616,7,First League,Tier 1,Czechia,Europe
ZLÍN,72.5,11,653,-7,First League,Tier 1,Czechia,Europe
BOHEMIANS 1905,72,12,713,12,First League,Tier 1,Czechia,Europe
MLADÁ BOLESLAV,71.4,13,779,1,First League,Tier 1,Czechia,Europe
PARDUBICE,71.3,14,805,43,First League,Tier 1,Czechia,Europe
SLOVÁCKO,70.7,15,872,12,First League,Tier 1,Czechia,Europe
DUKLA PRAHA,70.1,16,967,-26,First League,Tier 1,Czechia,Europe
MIDTJYLLAND,85.5,1,50,8,Superligaen,Tier 1,Denmark,Europe
KØBENHAVN,81.7,2,96,2,Superligaen,Tier 1,Denmark,Europe
AGF,80.7,3,131,1,Superligaen,Tier 1,Denmark,Europe
BRØNDBY,79.4,4,180,3,Superligaen,Tier 1,Denmark,Europe
NORDSJÆLLAND,77.8,5,250,9,Superligaen,Tier 1,Denmark,Europe
SØNDERJYSKE,77.4,6,276,-6,Superligaen,Tier 1,Denmark,Europe
VIBORG,77.1,7,296,-3,Superligaen,Tier 1,Denmark,Europe
RANDERS,75.9,8,373,9,Superligaen,Tier 1,Denmark,Europe
SILKEBORG,75.5,9,404,14,Superligaen,Tier 1,Denmark,Europe
OB,75.4,10,415,11,Superligaen,Tier 1,Denmark,Europe
VEJLE,72.5,11,645,18,Superligaen,Tier 1,Denmark,Europe
FREDERICIA,72.5,12,646,19,Superligaen,Tier 1,Denmark,Europe
BOLÍVAR,78.8,1,208,-8,Division Profesional,Tier 1,Bolivia,South America
ALWAYS READY,75.6,2,398,5,Division Profesional,Tier 1,Bolivia,South America
THE STRONGEST,73.5,3,567,3,Division Profesional,Tier 1,Bolivia,South America
NACIONAL POTOSÍ,72.2,4,693,0,Division Profesional,Tier 1,Bolivia,South America
SAN ANTONIO BULO BULO,70.4,5,919,12,Division Profesional,Tier 1,Bolivia,South America
INDEPENDIENTE,69.8,6,1006,9,Division Profesional,Tier 1,Bolivia,South America
BLOOMING,69.7,7,1012,15,Division Profesional,Tier 1,Bolivia,South America
GUABIRÁ,69.3,8,1068,17,Division Profesional,Tier 1,Bolivia,South America
GUALBERTO VILLARROEL SJ,69.2,9,1099,8,Division Profesional,Tier 1,Bolivia,South America
AURORA,68.2,10,1240,13,Division Profesional,Tier 1,Bolivia,South America
REAL ORURO,68.1,11,1256,7,Division Profesional,Tier 1,Bolivia,South America
REAL TOMAYAPO,67.8,12,1299,7,Division Profesional,Tier 1,Bolivia,South America
ORIENTE PETROLERO,66.8,13,1454,20,Division Profesional,Tier 1,Bolivia,South America
UNIVERSITARIO DE VINTO,65.4,14,1775,-2,Division Profesional,Tier 1,Bolivia,South America
JORGE WILSTERMANN,65.1,15,1855,-1,Division Profesional,Tier 1,Bolivia,South America
ABB,64.5,16,2029,16,Division Profesional,Tier 1,Bolivia,South America
PSV,88.5,1,31,-3,Eredivisie,Tier 1,Netherlands,Europe
AJAX,80.7,2,128,-24,Eredivisie,Tier 1,Netherlands,Europe
FEYENOOORD,80.7,3,129,-24,Eredivisie,Tier 1,Netherlands,Europe
AZ,79,4,195,-42,Eredivisie,Tier 1,Netherlands,Europe
NEC,78.8,5,210,17,Eredivisie,Tier 1,Netherlands,Europe
TWENTE,78.6,6,216,-27,Eredivisie,Tier 1,Netherlands,Europe
UTRECHT,76,7,367,-30,Eredivisie,Tier 1,Netherlands,Europe
SPARTA ROTTERDAM,75.7,8,385,3,Eredivisie,Tier 1,Netherlands,Europe
HEERENVEEN,74.7,9,465,-22,Eredivisie,Tier 1,Netherlands,Europe
GO AHEAD EAGLES,74.7,10,468,-2,Eredivisie,Tier 1,Netherlands,Europe
PEC ZWOLLE,73.9,11,524,4,Eredivisie,Tier 1,Netherlands,Europe
GRONINGEN,73.8,12,541,-51,Eredivisie,Tier 1,Netherlands,Europe
FORTUNA SITTARD,72.8,13,625,-46,Eredivisie,Tier 1,Netherlands,Europe
HERACLES,71.3,14,800,-4,Eredivisie,Tier 1,Netherlands,Europe
EXCELSIOR,70.9,15,862,-17,Eredivisie,Tier 1,Netherlands,Europe
VOLENDAM,70.2,16,941,-32,Eredivisie,Tier 1,Netherlands,Europe
TELSTAR,69.6,17,1025,-66,Eredivisie,Tier 1,Netherlands,Europe
NAC BREDA,69.4,18,1055,-7,Eredivisie,Tier 1,Netherlands,Europe
LDU QUITO,79.3,1,183,-2,Liga Pro,Tier 1,Ecuador,South America
INDEPENDIENTE VALLE,79,2,197,-3,Liga Pro,Tier 1,Ecuador,South America
UNIVERSIDAD CATÓLICA,76.4,3,340,7,Liga Pro,Tier 1,Ecuador,South America
BARCELONA,75.8,4,379,3,Liga Pro,Tier 1,Ecuador,South America
MACARÁ,75.6,5,394,8,Liga Pro,Tier 1,Ecuador,South America
ORENSE,73.8,6,529,7,Liga Pro,Tier 1,Ecuador,South America
LIBERTAD,73.6,7,559,3,Liga Pro,Tier 1,Ecuador,South America
AUCAS,73.6,8,561,3,Liga Pro,Tier 1,Ecuador,South America
DEPORTIVO CUENCA,73.2,9,589,2,Liga Pro,Tier 1,Ecuador,South America
EMELEC,72.2,10,684,2,Liga Pro,Tier 1,Ecuador,South America
MUSHUC RUNA,72.2,11,700,-6,Liga Pro,Tier 1,Ecuador,South America
EL NACIONAL,71,12,841,-7,Liga Pro,Tier 1,Ecuador,South America
MANTA,70.8,13,866,2,Liga Pro,Tier 1,Ecuador,South America
TÉCNICO UNIVERSITARIO,69.6,14,1034,13,Liga Pro,Tier 1,Ecuador,South America
VINOTINTO DE ECUADOR,69.2,15,1085,11,Liga Pro,Tier 1,Ecuador,South America
DELFÍN,68.9,16,1130,15,Liga Pro,Tier 1,Ecuador,South America
AL AHLY,81.3,1,109,10,Premier League,Tier 1,Egypt,Africa
PYRAMIDS,80,2,156,16,Premier League,Tier 1,Egypt,Africa
ZAMALEK,77.8,3,249,63,Premier League,Tier 1,Egypt,Africa
AL MASRY,75.5,4,400,-6,Premier League,Tier 1,Egypt,Africa
CERAMICA CLEOPATRA,75.5,5,406,7,Premier League,Tier 1,Egypt,Africa
NATIONAL BANK OF EGYPT,74.8,6,462,32,Premier League,Tier 1,Egypt,Africa
ZED,72.9,7,617,79,Premier League,Tier 1,Egypt,Africa
PETROJET,72.3,8,671,4,Premier League,Tier 1,Egypt,Africa
MODERN,72.3,9,672,47,Premier League,Tier 1,Egypt,Africa
WADI DEGLA,72.2,10,688,13,Premier League,Tier 1,Egypt,Africa
ENPPI,72.2,11,696,-30,Premier League,Tier 1,Egypt,Africa
EL GOUNA,72,12,716,51,Premier League,Tier 1,Egypt,Africa
SMOUHA,71.3,13,786,104,Premier League,Tier 1,Egypt,Africa
EL GAISH,70.2,14,942,53,Premier League,Tier 1,Egypt,Africa
GHAZL EL MAHALLA,69.8,15,1007,30,Premier League,Tier 1,Egypt,Africa
AL MOKAWLOON,69.6,16,1023,2,Premier League,Tier 1,Egypt,Africa
PHARCO,69.4,17,1066,-35,Premier League,Tier 1,Egypt,Africa
KAHRABA ISMAILIA,68.9,18,1137,50,Premier League,Tier 1,Egypt,Africa
AL ITTIHAD,68.2,19,1237,110,Premier League,Tier 1,Egypt,Africa
HARAS EL HODOOD,67.9,20,1274,-13,Premier League,Tier 1,Egypt,Africa
ISMAILY,66.8,21,1459,39,Premier League,Tier 1,Egypt,Africa
IPSWICH TOWN,83.3,1,70,6,Championship,Tier 2,England,Europe
COVENTRY CITY,83.2,2,72,1,Championship,Tier 2,England,Europe
MIDDLESBROUGH,82.7,3,78,13,Championship,Tier 2,England,Europe
HULL CITY,81.7,4,95,28,Championship,Tier 2,England,Europe
SHEFFIELD UNITED,81.1,5,114,25,Championship,Tier 2,England,Europe
MILLWALL,80.9,6,121,16,Championship,Tier 2,England,Europe
SOUTHAMPTON,80.8,7,126,43,Championship,Tier 2,England,Europe
WREXHAM,80.7,8,127,28,Championship,Tier 2,England,Europe
DERBY COUNTY,80.5,9,135,53,Championship,Tier 2,England,Europe
BIRMINGHAM CITY,80.1,10,151,40,Championship,Tier 2,England,Europe
BRISTOL CITY,79.5,11,169,-9,Championship,Tier 2,England,Europe
QUEENS PARK RANGERS,79.4,12,177,41,Championship,Tier 2,England,Europe
PRESTON NORTH END,79.4,13,178,30,Championship,Tier 2,England,Europe
SWANSEA CITY,79.4,14,179,56,Championship,Tier 2,England,Europe
LEICESTER CITY,79.3,15,182,-9,Championship,Tier 2,England,Europe
STOKE CITY,79.2,16,189,-7,Championship,Tier 2,England,Europe
NORWICH CITY,79,17,198,36,Championship,Tier 2,England,Europe
WATFORD,78.9,18,205,-12,Championship,Tier 2,England,Europe
PORTSMOUTH,78.3,19,228,44,Championship,Tier 2,England,Europe
CHARLTON ATHLETIC,78.1,20,239,68,Championship,Tier 2,England,Europe
BLACKBURN ROVERS,77.4,21,278,1,Championship,Tier 2,England,Europe
WEST BROMWICH ALBION,77.3,22,282,-4,Championship,Tier 2,England,Europe
OXFORD UNITED,76.6,23,323,5,Championship,Tier 2,England,Europe
SHEFFIELD WEDNESDAY,73,24,610,33,Championship,Tier 2,England,Europe
LINCOLN CITY,77.6,1,259,75,League One,Tier 3,England,Europe
CARDIFF CITY,77,2,302,52,League One,Tier 3,England,Europe
STOCKPORT COUNTY,76.7,3,317,83,League One,Tier 3,England,Europe
BOLTON WANDERERS,75.7,4,389,85,League One,Tier 3,England,Europe
READING,75.2,5,429,63,League One,Tier 3,England,Europe
WYCOMBE WANDERERS,75.1,6,438,63,League One,Tier 3,England,Europe
HUDDERSFIELD TOWN,75.1,7,440,90,League One,Tier 3,England,Europe
LUTON TOWN,74.6,8,476,29,League One,Tier 3,England,Europe
BRADFORD CITY,74,9,511,48,League One,Tier 3,England,Europe
MANSFIELD TOWN,73.7,10,552,56,League One,Tier 3,England,Europe
STEVENAGE,73.5,11,563,39,League One,Tier 3,England,Europe
PLYMOUTH ARGYLE,73.5,12,571,27,League One,Tier 3,England,Europe
BARNSLEY,73.2,13,592,60,League One,Tier 3,England,Europe
PETERBOROUGH UNITED,73.2,14,594,-5,League One,Tier 3,England,Europe
EXETER CITY,73,15,612,-20,League One,Tier 3,England,Europe
BLACKPOOL,72.9,16,622,6,League One,Tier 3,England,Europe
WIGAN ATHLETIC,72.5,17,647,1,League One,Tier 3,England,Europe
LEYTON ORIENT,72.5,18,649,-25,League One,Tier 3,England,Europe
ROTHERHAM UNITED,71.8,19,728,251,League One,Tier 3,England,Europe
DONCASTER ROVERS,71.6,20,754,133,League One,Tier 3,England,Europe
AFC WIMBLEDON,71.1,21,832,27,League One,Tier 3,England,Europe
BURTON ALBION,71.1,22,833,63,League One,Tier 3,England,Europe
PORT VALE,71,23,842,144,League One,Tier 3,England,Europe
NORTHAMPTON TOWN,70.5,24,901,-19,League One,Tier 3,England,Europe
ARSENAL,100,1,1,0,English Premier League,Tier 1,England,Europe
MANCHESTER CITY,96.2,2,2,1,English Premier League,Tier 1,England,Europe
LIVERPOOL,95.4,3,4,3,English Premier League,Tier 1,England,Europe
ASTON VILLA,95.3,4,5,-1,English Premier League,Tier 1,England,Europe
CHELSEA,94.7,5,6,2,English Premier League,Tier 1,England,Europe
NEWCASTLE UNITED,92.6,6,10,1,English Premier League,Tier 1,England,Europe
MANCHESTER UNITED,92.3,7,11,2,English Premier League,Tier 1,England,Europe
BRIGHTON & HOVE ALBION,91.7,8,13,1,English Premier League,Tier 1,England,Europe
BRENTFORD,91.5,9,14,2,English Premier League,Tier 1,England,Europe
AFC BOURNEMOUTH,91.1,10,15,3,English Premier League,Tier 1,England,Europe
TOTTENHAM HOTSPUR,90.9,11,17,4,English Premier League,Tier 1,England,Europe
EVERTON,90,12,22,2,English Premier League,Tier 1,England,Europe
FULHAM,90,13,23,-1,English Premier League,Tier 1,England,Europe
CRYSTAL PALACE,89.8,14,25,2,English Premier League,Tier 1,England,Europe
NOTTINGHAM FOREST,89,15,29,2,English Premier League,Tier 1,England,Europe
LEEDS UNITED,87.7,16,34,3,English Premier League,Tier 1,England,Europe
SUNDERLAND,87.5,17,37,2,English Premier League,Tier 1,England,Europe
WEST HAM UNITED,86.5,18,43,4,English Premier League,Tier 1,England,Europe
BURNLEY,85,19,56,8,English Premier League,Tier 1,England,Europe
WOLVERHAMPTON WANDERERS,84.2,20,64,1,English Premier League,Tier 1,England,Europe
PARIS SAINT-GERMAIN,94.4,1,8,-2,French Ligue 1,Tier 1,France,Europe
OLYMPIQUE LYONNAIS,88,2,33,0,French Ligue 1,Tier 1,France,Europe
LENS,87,3,40,-2,French Ligue 1,Tier 1,France,Europe
OLYMPIQUE MARSEILLE,86.7,4,42,-7,French Ligue 1,Tier 1,France,Europe
STRASBOURG,85,5,55,-5,French Ligue 1,Tier 1,France,Europe
LILLE,84.6,6,58,2,French Ligue 1,Tier 1,France,Europe
MONACO,84.2,7,63,5,French Ligue 1,Tier 1,France,Europe
RENNES,83.2,8,71,-2,French Ligue 1,Tier 1,France,Europe
TOULOUSE,83.1,9,73,-2,French Ligue 1,Tier 1,France,Europe
BREST,81.8,10,94,-1,French Ligue 1,Tier 1,France,Europe
LORIENT,80.9,11,119,1,French Ligue 1,Tier 1,France,Europe
NICE,80.2,12,148,-22,French Ligue 1,Tier 1,France,Europe
ANGERS SCO,79.4,13,174,4,French Ligue 1,Tier 1,France,Europe
AUXERRE,78.7,14,212,-6,French Ligue 1,Tier 1,France,Europe
PARIS FC,78.6,15,217,-5,French Ligue 1,Tier 1,France,Europe
LE HAVRE,78.4,16,221,-14,French Ligue 1,Tier 1,France,Europe
NANTES,77.5,17,264,-16,French Ligue 1,Tier 1,France,Europe
METZ,76.3,18,344,-21,French Ligue 1,Tier 1,France,Europe
REIMS,76,1,368,11,French League 2,Tier 2,France,Europe
TROYES,75.6,2,390,-61,French League 2,Tier 2,France,Europe
DUNKERQUE,75.1,3,434,-70,French League 2,Tier 2,France,Europe
LE MANS,74.5,4,482,74,French League 2,Tier 2,France,Europe
SAINT-ÉTIENNE,74.4,5,496,-51,French League 2,Tier 2,France,Europe
ANNECY,74.1,6,510,33,French League 2,Tier 2,France,Europe
RED STAR,73.8,7,528,-5,French League 2,Tier 2,France,Europe
GUINGAMP,73.8,8,530,-41,French League 2,Tier 2,France,Europe
MONTPELLIER,73.5,9,566,20,French League 2,Tier 2,France,Europe
RODEZ,72.9,10,618,-13,French League 2,Tier 2,France,Europe
PAU,72.4,11,666,32,French League 2,Tier 2,France,Europe
GRENOBLE,71.8,12,726,11,French League 2,Tier 2,France,Europe
BOULOGNE,71.1,13,829,42,French League 2,Tier 2,France,Europe
CLERMONT,70.8,14,870,-66,French League 2,Tier 2,France,Europe
LAVAL,70.7,15,879,-76,French League 2,Tier 2,France,Europe
BASTIA,70.5,16,903,-27,French League 2,Tier 2,France,Europe
AMIENS SC,70.5,17,910,-44,French League 2,Tier 2,France,Europe
NANCY,70.3,18,924,1,French League 2,Tier 2,France,Europe
BAYERN MÜNCHEN,96.1,1,3,-1,German Bundesliga,Tier 1,Germany,Europe
BORUSSIA DORTMUND,90.2,2,19,-4,German Bundesliga,Tier 1,Germany,Europe
BAYER LEVERKUSEN,89.2,3,28,1,German Bundesliga,Tier 1,Germany,Europe
STUTTGART,87.6,4,35,-1,German Bundesliga,Tier 1,Germany,Europe
RB LEIPZIG,86.4,5,45,-9,German Bundesliga,Tier 1,Germany,Europe
HOFFENHEIM,86.1,6,46,3,German Bundesliga,Tier 1,Germany,Europe
FREIBURG,84.6,7,59,-6,German Bundesliga,Tier 1,Germany,Europe
EINTRACHT FRANKFURT,83.3,8,69,-6,German Bundesliga,Tier 1,Germany,Europe
MAINZ 05,82.5,9,83,5,German Bundesliga,Tier 1,Germany,Europe
WERDER BREMEN,81.4,10,106,-19,German Bundesliga,Tier 1,Germany,Europe
UNION BERLIN,81.3,11,107,-12,German Bundesliga,Tier 1,Germany,Europe
BORUSSIA M'GLADBACH,80.9,12,118,-6,German Bundesliga,Tier 1,Germany,Europe
AUGSBURG,80.9,13,120,-2,German Bundesliga,Tier 1,Germany,Europe
WOLFSBURG,80.6,14,133,-19,German Bundesliga,Tier 1,Germany,Europe
KÖLN,80,15,155,-3,German Bundesliga,Tier 1,Germany,Europe
HAMBURGER SV,79.7,16,163,0,German Bundesliga,Tier 1,Germany,Europe
ST. PAULI,78.1,17,241,-17,German Bundesliga,Tier 1,Germany,Europe
HEIDENHEIM,77.4,18,273,-15,German Bundesliga,Tier 1,Germany,Europe
ELVERSBERG,78.6,1,215,15,German Bundesliga Zwei,Tier 2,Germany,Europe
DARMSTADT 98,77.6,2,260,-8,German Bundesliga Zwei,Tier 2,Germany,Europe
PADERBORN,77.3,3,280,-37,German Bundesliga Zwei,Tier 2,Germany,Europe
HANNOVER 96,76.7,4,316,9,German Bundesliga Zwei,Tier 2,Germany,Europe
SCHALKE 04,75.9,5,372,-48,German Bundesliga Zwei,Tier 2,Germany,Europe
HERTHA BSC,75.9,6,377,-21,German Bundesliga Zwei,Tier 2,Germany,Europe
BOCHUM,75.7,7,386,15,German Bundesliga Zwei,Tier 2,Germany,Europe
KAISERSLAUTERN,75.6,8,393,-55,German Bundesliga Zwei,Tier 2,Germany,Europe
HOLSTEIN KIEL,75.1,9,433,-65,German Bundesliga Zwei,Tier 2,Germany,Europe
KARLSRUHER SC,74.8,10,460,-46,German Bundesliga Zwei,Tier 2,Germany,Europe
FORTUNA DÜSSELDORF,74,11,517,8,German Bundesliga Zwei,Tier 2,Germany,Europe
MAGDEBURG,73.8,12,536,-50,German Bundesliga Zwei,Tier 2,Germany,Europe
NÜRNBERG,73.5,13,564,-44,German Bundesliga Zwei,Tier 2,Germany,Europe
ARMINIA BIELEFELD,73.3,14,581,-15,German Bundesliga Zwei,Tier 2,Germany,Europe
PREUSSEN MÜNSTER,72.6,15,640,-5,German Bundesliga Zwei,Tier 2,Germany,Europe
DYNAMO DRESDEN,72.2,16,695,-45,German Bundesliga Zwei,Tier 2,Germany,Europe
EINTRACHT BRAUNSCHWEIG,71.7,17,738,14,German Bundesliga Zwei,Tier 2,Germany,Europe
GREUTHER FÜRTH,71.2,18,814,35,German Bundesliga Zwei,Tier 2,Germany,Europe
OLYMPIAKOS PIRAEUS,86.8,1,41,3,Greek Super League,Tier 1,Greece,Europe
PAOK,83.7,2,65,2,Greek Super League,Tier 1,Greece,Europe
AEK ATHENS,82.7,3,77,2,Greek Super League,Tier 1,Greece,Europe
PANATHINAIKOS,80.7,4,130,14,Greek Super League,Tier 1,Greece,Europe
LEVADIAKOS,77.1,5,293,12,Greek Super League,Tier 1,Greece,Europe
ARIS,76,6,364,34,Greek Super League,Tier 1,Greece,Europe
ATROMITOS,73.1,7,597,-23,Greek Super League,Tier 1,Greece,Europe
OFI,71.9,8,719,70,Greek Super League,Tier 1,Greece,Europe
KIFISIA,71.6,9,748,3,Greek Super League,Tier 1,Greece,Europe
VOLOS NFC,71.1,10,834,-86,Greek Super League,Tier 1,Greece,Europe
LARISSA,70.6,11,885,123,Greek Super League,Tier 1,Greece,Europe
ASTERAS TRIPOLIS,70.6,12,894,3,Greek Super League,Tier 1,Greece,Europe
PANAITOLIKOS,70.3,13,935,-17,Greek Super League,Tier 1,Greece,Europe
PANSERRAIKOS,67,14,1432,31,Greek Super League,Tier 1,Greece,Europe
FERENCVÁROS,80.8,1,123,6,Hungarian Liga NB I,Tier 1,Hungary,Europe
GYŐRI ETO,78.2,2,229,-8,Hungarian Liga NB I,Tier 1,Hungary,Europe
PAKS,76.6,3,321,-31,Hungarian Liga NB I,Tier 1,Hungary,Europe
PUSKÁS,75.6,4,395,27,Hungarian Liga NB I,Tier 1,Hungary,Europe
DEBRECEN,74.6,5,478,10,Hungarian Liga NB I,Tier 1,Hungary,Europe
ZALAEGERSZEG,72.5,6,648,-34,Hungarian Liga NB I,Tier 1,Hungary,Europe
KISVÁRDA,72.1,7,705,0,Hungarian Liga NB I,Tier 1,Hungary,Europe
MTK,71.7,8,741,-84,Hungarian Liga NB I,Tier 1,Hungary,Europe
ÚJPEST,71.6,9,749,-32,Hungarian Liga NB I,Tier 1,Hungary,Europe
DIÓSGYŐR,71.4,10,781,-15,Hungarian Liga NB I,Tier 1,Hungary,Europe
NYÍREGYHÁZA SPARTACUS,70.2,11,950,71,Hungarian Liga NB I,Tier 1,Hungary,Europe
KAZINCBARCIKA,69.5,12,1050,126,Hungarian Liga NB I,Tier 1,Hungary,Europe
HAPOEL BE'ER SHEVA,78.3,1,226,6,Israeli Ligat Ha'al,Tier 1,Israel,Middle East
BEITAR JERUSALEM,76.1,2,358,-25,Israeli Ligat Ha'al,Tier 1,Israel,Middle East
MACCABI TEL AVIV,75.6,3,391,-65,Israeli Ligat Ha'al,Tier 1,Israel,Middle East
MACCABI HAIFA,74.9,4,453,6,Israeli Ligat Ha'al,Tier 1,Israel,Middle East
HAPOEL TEL AVIV,72.1,5,704,77,Israeli Ligat Ha'al,Tier 1,Israel,Middle East
MACCABI NETANYA,69.8,6,1004,-54,Israeli Ligat Ha'al,Tier 1,Israel,Middle East
HAPOEL JERUSALEM,69.5,7,1040,13,Israeli Ligat Ha'al,Tier 1,Israel,Middle East
HAPOEL PETAH TIKVA,69.5,8,1049,38,Israeli Ligat Ha'al,Tier 1,Israel,Middle East
BNEI SAKHNIN,69.2,9,1088,-16,Israeli Ligat Ha'al,Tier 1,Israel,Middle East
HAPOEL HAIFA,68.7,10,1166,39,Israeli Ligat Ha'al,Tier 1,Israel,Middle East
IRONI TIBERIAS,67.5,11,1353,-30,Israeli Ligat Ha'al,Tier 1,Israel,Middle East
ASHDOD,66.5,12,1520,-60,Israeli Ligat Ha'al,Tier 1,Israel,Middle East
IRONI KIRYAT SHMONA,66.4,13,1534,-4,Israeli Ligat Ha'al,Tier 1,Israel,Middle East
MACCABI BNEI RAINA,65,14,1871,-66,Israeli Ligat Ha'al,Tier 1,Israel,Middle East
INTERNAZIONALE,93.5,1,9,1,Italian Serie A,Tier 1,Italy,Europe
JUVENTUS,90.1,2,20,0,Italian Serie A,Tier 1,Italy,Europe
MILAN,90,3,21,-2,Italian Serie A,Tier 1,Italy,Europe
NAPOLI,89.4,4,26,-3,Italian Serie A,Tier 1,Italy,Europe
ROMA,89.3,5,27,-2,Italian Serie A,Tier 1,Italy,Europe
ATALANTA,88.4,6,32,-2,Italian Serie A,Tier 1,Italy,Europe
COMO,87.1,7,38,2,Italian Serie A,Tier 1,Italy,Europe
BOLOGNA,85.7,8,48,4,Italian Serie A,Tier 1,Italy,Europe
LAZIO,85.6,9,49,2,Italian Serie A,Tier 1,Italy,Europe
TORINO,82.3,10,85,4,Italian Serie A,Tier 1,Italy,Europe
FIORENTINA,82.2,11,86,-5,Italian Serie A,Tier 1,Italy,Europe
UDINESE,81.7,12,97,18,Italian Serie A,Tier 1,Italy,Europe
SASSUOLO,81.7,13,98,18,Italian Serie A,Tier 1,Italy,Europe
GENOA,81.5,14,101,0,Italian Serie A,Tier 1,Italy,Europe
CAGLIARI,81.5,15,103,8,Italian Serie A,Tier 1,Italy,Europe
PARMA,80.3,16,140,-9,Italian Serie A,Tier 1,Italy,Europe
CREMONESE,80.2,17,147,-5,Italian Serie A,Tier 1,Italy,Europe
LECCE,78.5,18,219,-9,Italian Serie A,Tier 1,Italy,Europe
PISA,78.3,19,227,-24,Italian Serie A,Tier 1,Italy,Europe
HELLAS VERONA,77.9,20,244,-40,Italian Serie A,Tier 1,Italy,Europe
VENEZIA,78.7,1,211,2,Italian Serie B,Tier 2,Italy,Europe
FROSINONE,77.5,2,269,-7,Italian Serie B,Tier 2,Italy,Europe
PALERMO,77.3,3,281,33,Italian Serie B,Tier 2,Italy,Europe
MONZA,77,4,300,19,Italian Serie B,Tier 2,Italy,Europe
JUVE STABIA,75.1,5,439,8,Italian Serie B,Tier 2,Italy,Europe
MODENA,75,6,442,16,Italian Serie B,Tier 2,Italy,Europe
CATANZARO,74.9,7,455,-16,Italian Serie B,Tier 2,Italy,Europe
CESENA,74.3,8,502,-30,Italian Serie B,Tier 2,Italy,Europe
SÜDTIROL,74.1,9,508,32,Italian Serie B,Tier 2,Italy,Europe
EMPOLI,73.7,10,550,-2,Italian Serie B,Tier 2,Italy,Europe
CARRARESE,73.5,11,565,-8,Italian Serie B,Tier 2,Italy,Europe
SPEZIA,73.2,12,588,-13,Italian Serie B,Tier 2,Italy,Europe
SAMPDORIA,72.4,13,661,43,Italian Serie B,Tier 2,Italy,Europe
AVELLINO,72.3,14,668,62,Italian Serie B,Tier 2,Italy,Europe
PADOVA,72.2,15,694,-35,Italian Serie B,Tier 2,Italy,Europe
VIRTUS ENTELLA,71.8,16,723,16,Italian Serie B,Tier 2,Italy,Europe
BARI,71.6,17,750,-44,Italian Serie B,Tier 2,Italy,Europe
REGGIANA,71.5,18,764,7,Italian Serie B,Tier 2,Italy,Europe
MANTOVA,70.9,19,861,14,Italian Serie B,Tier 2,Italy,Europe
PESCARA,70,20,990,-1,Italian Serie B,Tier 2,Italy,Europe
KASHIMA ANTLERS,80.2,1,146,-5,J1 League,Tier 1,Japan,Asia
SANFRECCE HIROSHIMA,79.7,2,161,-3,J1 League,Tier 1,Japan,Asia
KASHIWA REYSOL,79.5,3,171,-5,J1 League,Tier 1,Japan,Asia
VISSEL KOBE,78.3,4,222,-6,J1 League,Tier 1,Japan,Asia
MACHIDA ZELVIA,78.2,5,230,-3,J1 League,Tier 1,Japan,Asia
KYOTO SANGA,77.6,6,254,2,J1 League,Tier 1,Japan,Asia
GAMBA OSAKA,76.9,7,309,-20,J1 League,Tier 1,Japan,Asia
KAWASAKI FRONTALE,76.8,8,313,-19,J1 League,Tier 1,Japan,Asia
YOKOHAMA F. MARINOS,76.3,9,347,-6,J1 League,Tier 1,Japan,Asia
URAWA REDS,76.1,10,356,-4,J1 League,Tier 1,Japan,Asia
CEREZO OSAKA,75.6,11,396,-11,J1 League,Tier 1,Japan,Asia
TOKYO,75.5,12,405,-6,J1 League,Tier 1,Japan,Asia
AVISPA FUKUOKA,74.6,13,473,-10,J1 League,Tier 1,Japan,Asia
NAGOYA GRAMPUS,73.6,14,558,-17,J1 League,Tier 1,Japan,Asia
FAGIANO OKAYAMA,73.1,15,596,-11,J1 League,Tier 1,Japan,Asia
TOKYO VERDY,73.1,16,605,-12,J1 League,Tier 1,Japan,Asia
SHIMIZU S-PULSE,72.9,17,624,-7,J1 League,Tier 1,Japan,Asia
YOKOHAMA,72.6,18,635,-2,J1 League,Tier 1,Japan,Asia
SHONAN BELLMARE,71.3,19,799,-30,J1 League,Tier 1,Japan,Asia
ALBIREX NIIGATA,69.6,20,1029,-11,J1 League,Tier 1,Japan,Asia
JEONBUK MOTORS,77.2,1,286,-18,K-League 1,Tier 1,Korea,Asia
DAEJEON HANA CITIZEN,75.3,2,419,-8,K-League 1,Tier 1,Korea,Asia
GIMCHEON SANGMU,74.4,3,491,-11,K-League 1,Tier 1,Korea,Asia
SEOUL,73.3,4,580,-7,K-League 1,Tier 1,Korea,Asia
GANGWON,73.3,5,585,-7,K-League 1,Tier 1,Korea,Asia
GWANGJU,73.2,6,595,-11,K-League 1,Tier 1,Korea,Asia
POHANG STEELERS,72.7,7,632,-5,K-League 1,Tier 1,Korea,Asia
ANYANG,72.1,8,703,-24,K-League 1,Tier 1,Korea,Asia
INCHEON UNITED,71.5,9,757,-13,K-League 1,Tier 1,Korea,Asia
ULSAN HD,71.5,10,758,-11,K-League 1,Tier 1,Korea,Asia
BUCHEON 1995,70.9,11,853,-34,K-League 1,Tier 1,Korea,Asia
JEJU FC,70.3,12,936,-17,K-League 1,Tier 1,Korea,Asia
PEÑAROL,79,1,194,-9,Liga AUF,Tier 1,Uruguay,South America
NACIONAL,78.9,2,203,-7,Liga AUF,Tier 1,Uruguay,South America
LIVERPOOL,73.1,3,607,5,Liga AUF,Tier 1,Uruguay,South America
BOSTON RIVER,72.6,4,636,-10,Liga AUF,Tier 1,Uruguay,South America
DEFENSOR SPORTING,72.2,5,698,-7,Liga AUF,Tier 1,Uruguay,South America
DANUBIO,71.4,6,772,0,Liga AUF,Tier 1,Uruguay,South America
CERRO LARGO,71.2,7,810,-8,Liga AUF,Tier 1,Uruguay,South America
CITY TORQUE,71.2,8,817,-10,Liga AUF,Tier 1,Uruguay,South America
RACING,71,9,844,-3,Liga AUF,Tier 1,Uruguay,South America
CERRO,70.4,10,913,-12,Liga AUF,Tier 1,Uruguay,South America
JUVENTUD,70.3,11,933,-13,Liga AUF,Tier 1,Uruguay,South America
PROGRESO,68.3,12,1216,80,Liga AUF,Tier 1,Uruguay,South America
WANDERERS,66.6,13,1497,-17,Liga AUF,Tier 1,Uruguay,South America
DEPORTIVO MALDONADO,61.9,14,2983,42,Liga AUF,Tier 1,Uruguay,South America
ALBION,61.9,15,2989,83,Liga AUF,Tier 1,Uruguay,South America
CENTRAL ESPAÑOL,61.5,16,3151,33,Liga AUF,Tier 1,Uruguay,South America
TOLUCA,82.6,1,80,-6,Liga MX,Tier 1,Mexico,North America
CRUZ AZUL,80.8,2,125,3,Liga MX,Tier 1,Mexico,North America
TIGRES UANL,79.7,3,164,3,Liga MX,Tier 1,Mexico,North America
CLUB AMÉRICA,79.5,4,170,4,Liga MX,Tier 1,Mexico,North America
MONTERREY,79.3,5,187,-23,Liga MX,Tier 1,Mexico,North America
GUADALAJARA,77.9,6,245,12,Liga MX,Tier 1,Mexico,North America
TIJUANA,75.9,7,375,0,Liga MX,Tier 1,Mexico,North America
PUMAS UNAM,75.1,8,437,5,Liga MX,Tier 1,Mexico,North America
PACHUCA,75,9,443,-11,Liga MX,Tier 1,Mexico,North America
JUÁREZ,73.5,10,568,-55,Liga MX,Tier 1,Mexico,North America
ATLÉTICO SAN LUIS,73.3,11,579,-53,Liga MX,Tier 1,Mexico,North America
NECAXA,72.9,12,613,-30,Liga MX,Tier 1,Mexico,North America
ATLAS,72.2,13,697,-2,Liga MX,Tier 1,Mexico,North America
LEÓN,71.9,14,722,-51,Liga MX,Tier 1,Mexico,North America
QUERÉTARO,71.3,15,795,-31,Liga MX,Tier 1,Mexico,North America
MAZATLÁN,69.8,16,1008,-56,Liga MX,Tier 1,Mexico,North America
PUEBLA,69.4,17,1059,25,Liga MX,Tier 1,Mexico,North America
SANTOS LAGUNA,68.4,18,1214,-53,Liga MX,Tier 1,Mexico,North America
BOCA JUNIORS,80.8,1,124,-7,Liga Profesional Argentina,Tier 1,Argentina,South America
RACING CLUB,80.2,2,144,-20,Liga Profesional Argentina,Tier 1,Argentina,South America
RIVER PLATE,80,3,157,13,Liga Profesional Argentina,Tier 1,Argentina,South America
ROSARIO CENTRAL,79.3,4,188,13,Liga Profesional Argentina,Tier 1,Argentina,South America
LANÚS,79.2,5,192,-2,Liga Profesional Argentina,Tier 1,Argentina,South America
ESTUDIANTES,78.9,6,200,14,Liga Profesional Argentina,Tier 1,Argentina,South America
ARGENTINOS JUNIORS,78.9,7,206,-8,Liga Profesional Argentina,Tier 1,Argentina,South America
TIGRE,77.5,8,266,-1,Liga Profesional Argentina,Tier 1,Argentina,South America
VÉLEZ SARSFIELD,77.5,9,270,11,Liga Profesional Argentina,Tier 1,Argentina,South America
INDEPENDIENTE,77.4,10,277,-17,Liga Profesional Argentina,Tier 1,Argentina,South America
SAN LORENZO,77.2,11,285,57,Liga Profesional Argentina,Tier 1,Argentina,South America
INDEPENDIENTE RIVADAVIA,76.9,12,304,39,Liga Profesional Argentina,Tier 1,Argentina,South America
DEPORTIVO RIESTRA,76.7,13,315,-44,Liga Profesional Argentina,Tier 1,Argentina,South America
BELGRANO,76.4,14,338,-3,Liga Profesional Argentina,Tier 1,Argentina,South America
CENTRAL CÓRDOBA SDE,76,15,366,-11,Liga Profesional Argentina,Tier 1,Argentina,South America
HURACÁN,75.9,16,376,-28,Liga Profesional Argentina,Tier 1,Argentina,South America
PLATENSE,75.5,17,401,70,Liga Profesional Argentina,Tier 1,Argentina,South America
GIMNASIA LA PLATA,75.4,18,408,-17,Liga Profesional Argentina,Tier 1,Argentina,South America
BARRACAS CENTRAL,75.2,19,431,3,Liga Profesional Argentina,Tier 1,Argentina,South America
UNIÓN,74.9,20,449,-9,Liga Profesional Argentina,Tier 1,Argentina,South America
TALLERES DE CÓRDOBA,74.6,21,471,-56,Liga Profesional Argentina,Tier 1,Argentina,South America
DEFENSA Y JUSTICIA,74.4,22,486,52,Liga Profesional Argentina,Tier 1,Argentina,South America
GIMNASIA MENDOZA,74.3,23,499,-29,Liga Profesional Argentina,Tier 1,Argentina,South America
ESTUDIANTES RÍO CUARTO,73.8,24,537,10,Liga Profesional Argentina,Tier 1,Argentina,South America
ATLÉTICO TUCUMÁN,73.8,25,540,-9,Liga Profesional Argentina,Tier 1,Argentina,South America
SARMIENTO,73.7,26,554,28,Liga Profesional Argentina,Tier 1,Argentina,South America
BANFIELD,73.6,27,556,-35,Liga Profesional Argentina,Tier 1,Argentina,South America
ALDOSIVI,73.6,28,560,-6,Liga Profesional Argentina,Tier 1,Argentina,South America
NEWELL'S OLD BOYS,73.5,29,562,-10,Liga Profesional Argentina,Tier 1,Argentina,South America
INSTITUTO,73.5,30,573,-23,Liga Profesional Argentina,Tier 1,Argentina,South America
BODØ / GLIMT,85.4,1,51,10,Norwegian Eliteserien,Tier 1,Norway,Europe
VIKING,82.5,2,82,2,Norwegian Eliteserien,Tier 1,Norway,Europe
BRANN,79.5,3,172,-7,Norwegian Eliteserien,Tier 1,Norway,Europe
TROMSØ,77.4,4,279,-4,Norwegian Eliteserien,Tier 1,Norway,Europe
ROSENBORG,76.3,5,343,14,Norwegian Eliteserien,Tier 1,Norway,Europe
MOLDE,76.3,6,348,13,Norwegian Eliteserien,Tier 1,Norway,Europe
FREDRIKSTAD,76.1,7,359,10,Norwegian Eliteserien,Tier 1,Norway,Europe
SANDEFJORD,75.2,8,425,13,Norwegian Eliteserien,Tier 1,Norway,Europe
SARPSBORG 08,74.8,9,464,11,Norwegian Eliteserien,Tier 1,Norway,Europe
LILLESTRØM,74.7,10,467,12,Norwegian Eliteserien,Tier 1,Norway,Europe
VÅLERENGA,74.3,11,501,2,Norwegian Eliteserien,Tier 1,Norway,Europe
HAMKAM,73.8,12,531,18,Norwegian Eliteserien,Tier 1,Norway,Europe
KFUM,73.7,13,551,12,Norwegian Eliteserien,Tier 1,Norway,Europe
AALESUND,72.6,14,644,18,Norwegian Eliteserien,Tier 1,Norway,Europe
START,72.4,15,665,17,Norwegian Eliteserien,Tier 1,Norway,Europe
KRISTIANSUND,71.7,16,734,21,Norwegian Eliteserien,Tier 1,Norway,Europe
TRACTOR,77.6,1,258,26,Persian Gulf Pro League,Tier 1,Iran,Middle East
PERSEPOLIS,75.3,2,420,-34,Persian Gulf Pro League,Tier 1,Iran,Middle East
SEPAHAN,74.9,3,454,-10,Persian Gulf Pro League,Tier 1,Iran,Middle East
ESTEGHLAL,73.4,4,577,-12,Persian Gulf Pro League,Tier 1,Iran,Middle East
GOL GOHAR,72.3,5,670,45,Persian Gulf Pro League,Tier 1,Iran,Middle East
FOOLAD,71,6,847,97,Persian Gulf Pro League,Tier 1,Iran,Middle East
MALAVAN,69.9,7,996,60,Persian Gulf Pro League,Tier 1,Iran,Middle East
CHADORMALU SC,69.1,8,1114,1,Persian Gulf Pro League,Tier 1,Iran,Middle East
ZOB AHAN,68.8,9,1154,41,Persian Gulf Pro League,Tier 1,Iran,Middle East
FAJR SEPASI,68.7,10,1164,72,Persian Gulf Pro League,Tier 1,Iran,Middle East
KHEYBAR KHORRAMABAD,68.7,11,1173,-9,Persian Gulf Pro League,Tier 1,Iran,Middle East
ALUMINIUM ARAK,68.1,12,1248,12,Persian Gulf Pro League,Tier 1,Iran,Middle East
SHAMS AZAR QAZVIN,68.1,13,1253,152,Persian Gulf Pro League,Tier 1,Iran,Middle East
PAYKAN,67.8,14,1295,30,Persian Gulf Pro League,Tier 1,Iran,Middle East
ESTEGHLAL KHUZESTAN,66.6,15,1508,21,Persian Gulf Pro League,Tier 1,Iran,Middle East
MES RAFSANJAN,65.9,16,1649,-23,Persian Gulf Pro League,Tier 1,Iran,Middle East
RAKÓW CZĘSTOCHOWA,81.3,1,110,-10,Polish Ekstraklasa,Tier 1,Poland,Europe
JAGIELLONIA BIAŁYSTOK,80.3,2,137,22,Polish Ekstraklasa,Tier 1,Poland,Europe
LECH POZNAŃ,79.7,3,162,-28,Polish Ekstraklasa,Tier 1,Poland,Europe
GÓRNIK ZABRZE,78.3,4,224,15,Polish Ekstraklasa,Tier 1,Poland,Europe
CRACOVIA,77.9,5,246,1,Polish Ekstraklasa,Tier 1,Poland,Europe
WISŁA PŁOCK,77.5,6,268,14,Polish Ekstraklasa,Tier 1,Poland,Europe
KORONA KIELCE,77.1,7,295,27,Polish Ekstraklasa,Tier 1,Poland,Europe
RADOMIAK RADOM,76.9,8,306,-8,Polish Ekstraklasa,Tier 1,Poland,Europe
GKS KATOWICE,76.9,9,310,49,Polish Ekstraklasa,Tier 1,Poland,Europe
POGOŃ SZCZECIN,76.8,10,312,-26,Polish Ekstraklasa,Tier 1,Poland,Europe
PIAST GLIWICE,76.6,11,322,-12,Polish Ekstraklasa,Tier 1,Poland,Europe
LECHIA GDAŃSK,76.5,12,329,58,Polish Ekstraklasa,Tier 1,Poland,Europe
LEGIA WARSZAWA,76.4,13,334,-31,Polish Ekstraklasa,Tier 1,Poland,Europe
ZAGŁĘBIE LUBIN,76.2,14,354,-46,Polish Ekstraklasa,Tier 1,Poland,Europe
MOTOR LUBLIN,75.6,15,392,32,Polish Ekstraklasa,Tier 1,Poland,Europe
WIDZEW ŁÓDŹ,74.4,16,495,-27,Polish Ekstraklasa,Tier 1,Poland,Europe
ARKA GDYNIA,74.2,17,504,-4,Polish Ekstraklasa,Tier 1,Poland,Europe
NIECIECZA,73.9,18,527,8,Polish Ekstraklasa,Tier 1,Poland,Europe
SPORTING CP,91,1,16,1,Portuguese Primeira Liga,Tier 1,Portugal,Europe
BENFICA,89.9,2,24,2,Portuguese Primeira Liga,Tier 1,Portugal,Europe
PORTO,88.8,3,30,2,Portuguese Primeira Liga,Tier 1,Portugal,Europe
SPORTING BRAGA,85.3,4,53,3,Portuguese Primeira Liga,Tier 1,Portugal,Europe
VITÓRIA GUIMARÃES,80.3,5,138,24,Portuguese Primeira Liga,Tier 1,Portugal,Europe
FAMALICÃO,79.3,6,184,-9,Portuguese Primeira Liga,Tier 1,Portugal,Europe
GIL VICENTE,79.3,7,185,30,Portuguese Primeira Liga,Tier 1,Portugal,Europe
ESTORIL,79.2,8,190,35,Portuguese Primeira Liga,Tier 1,Portugal,Europe
MOREIRENSE,78.1,9,234,8,Portuguese Primeira Liga,Tier 1,Portugal,Europe
SANTA CLARA,75.9,10,378,-15,Portuguese Primeira Liga,Tier 1,Portugal,Europe
AROUCA,75.8,11,382,91,Portuguese Primeira Liga,Tier 1,Portugal,Europe
NACIONAL,75.5,12,399,32,Portuguese Primeira Liga,Tier 1,Portugal,Europe
ALVERCA,75.4,13,407,23,Portuguese Primeira Liga,Tier 1,Portugal,Europe
RIO AVE,75.2,14,427,-32,Portuguese Primeira Liga,Tier 1,Portugal,Europe
CASA PIA,74.8,15,458,26,Portuguese Primeira Liga,Tier 1,Portugal,Europe
ESTRELA,74,16,519,52,Portuguese Primeira Liga,Tier 1,Portugal,Europe
TONDELA,73.7,17,547,57,Portuguese Primeira Liga,Tier 1,Portugal,Europe
AVS,70.2,18,951,53,Portuguese Primeira Liga,Tier 1,Portugal,Europe
MARÍTIMO,73.9,1,522,33,Portuguese Segunda Liga,Tier 2,Portugal,Europe
VIZELA,72.6,2,638,18,Portuguese Segunda Liga,Tier 2,Portugal,Europe
ACADEMICO VISEU,72.6,3,642,67,Portuguese Segunda Liga,Tier 2,Portugal,Europe
TORREENSE,71.4,4,774,20,Portuguese Segunda Liga,Tier 2,Portugal,Europe
UNIÃO DE LEIRIA,71.4,5,778,99,Portuguese Segunda Liga,Tier 2,Portugal,Europe
BENFICA II,71.4,6,780,-19,Portuguese Segunda Liga,Tier 2,Portugal,Europe
CHAVES,71.1,7,828,-6,Portuguese Segunda Liga,Tier 2,Portugal,Europe
SPORTING CP II,70.2,8,944,47,Portuguese Segunda Liga,Tier 2,Portugal,Europe
FEIRENSE,70.1,9,969,50,Portuguese Segunda Liga,Tier 2,Portugal,Europe
FELGUEIRAS 1932,70,10,979,96,Portuguese Segunda Liga,Tier 2,Portugal,Europe
LUSITÂNIA LOUROSA,69.5,11,1044,142,Portuguese Segunda Liga,Tier 2,Portugal,Europe
FARENSE,69.2,12,1093,-11,Portuguese Segunda Liga,Tier 2,Portugal,Europe
PORTO II,69.1,13,1111,123,Portuguese Segunda Liga,Tier 2,Portugal,Europe
PAÇOS DE FERREIRA,68.4,14,1211,54,Portuguese Segunda Liga,Tier 2,Portugal,Europe
PORTIMONENSE,67.9,15,1279,97,Portuguese Segunda Liga,Tier 2,Portugal,Europe
PENAFIEL,67.7,16,1322,39,Portuguese Segunda Liga,Tier 2,Portugal,Europe
LEIXÕES,67.4,17,1360,77,Portuguese Segunda Liga,Tier 2,Portugal,Europe
OLIVEIRENSE,66.8,18,1451,33,Portuguese Segunda Liga,Tier 2,Portugal,Europe
UNIVERSITATEA CRAIOVA,77.6,1,263,-35,Liga I,Tier 1,Romania,Europe
CFR CLUJ,76.2,2,352,6,Liga I,Tier 1,Romania,Europe
FCSB,76,3,369,14,Liga I,Tier 1,Romania,Europe
UNIVERSITATEA CLUJ,75.3,4,416,53,Liga I,Tier 1,Romania,Europe
RAPID BUCURESTI,75.2,5,424,-28,Liga I,Tier 1,Romania,Europe
DINAMO BUCURESTI,75,6,444,-21,Liga I,Tier 1,Romania,Europe
OTELUL GALATI,74.4,7,489,6,Liga I,Tier 1,Romania,Europe
ARGES,74,8,518,-40,Liga I,Tier 1,Romania,Europe
FCV FARUL CONSTANTA,73.7,9,553,58,Liga I,Tier 1,Romania,Europe
UTA ARAD,73.2,10,593,6,Liga I,Tier 1,Romania,Europe
BOTOSANI,73,11,611,4,Liga I,Tier 1,Romania,Europe
HERMANNSTADT,69.8,12,1003,58,Liga I,Tier 1,Romania,Europe
PETROLUL 52,69.7,13,1021,34,Liga I,Tier 1,Romania,Europe
CSIKSZEREDA,68.5,14,1207,-57,Liga I,Tier 1,Romania,Europe
UNIREA SLOBOZIA,68.2,15,1232,-53,Liga I,Tier 1,Romania,Europe
METALOGLOBUS,66.2,16,1565,-14,Liga I,Tier 1,Romania,Europe
ZENIT,82.9,1,75,2,Russian Premier League,Tier 1,Russia,Europe
KRASNODAR,81.5,2,100,3,Russian Premier League,Tier 1,Russia,Europe
CSKA MOSKVA,80.4,3,136,2,Russian Premier League,Tier 1,Russia,Europe
LOKOMOTIV MOSKVA,79.6,4,166,5,Russian Premier League,Tier 1,Russia,Europe
SPARTAK MOSKVA,78.9,5,204,-5,Russian Premier League,Tier 1,Russia,Europe
DINAMO MOSKVA,76.6,6,325,5,Russian Premier League,Tier 1,Russia,Europe
BALTIKA,76.4,7,333,11,Russian Premier League,Tier 1,Russia,Europe
ROSTOV,73.8,8,542,0,Russian Premier League,Tier 1,Russia,Europe
RUBIN KAZAN,73.3,9,582,6,Russian Premier League,Tier 1,Russia,Europe
AKRON,72.1,10,709,-1,Russian Premier League,Tier 1,Russia,Europe
AKHMAT GROZNY,71.8,11,729,7,Russian Premier League,Tier 1,Russia,Europe
KRYLYA SOVETOV,71.3,12,796,-4,Russian Premier League,Tier 1,Russia,Europe
DINAMO MAKHACHKALA,71.2,13,807,-1,Russian Premier League,Tier 1,Russia,Europe
ORENBURG,69.1,14,1110,7,Russian Premier League,Tier 1,Russia,Europe
NIZHNY NOVGOROD,68.9,15,1141,17,Russian Premier League,Tier 1,Russia,Europe
SOCHI,68,16,1264,10,Russian Premier League,Tier 1,Russia,Europe
AL HILAL,84.9,1,57,2,Saudi Pro League,Tier 1,Saudi Arabia,Asia
AL NASSR,82.5,2,81,9,Saudi Pro League,Tier 1,Saudi Arabia,Asia
AL AHLI,81.1,3,112,15,Saudi Pro League,Tier 1,Saudi Arabia,Asia
AL ITTIHAD,78.2,4,231,10,Saudi Pro League,Tier 1,Saudi Arabia,Asia
AL QADSIAH,78.2,5,233,13,Saudi Pro League,Tier 1,Saudi Arabia,Asia
AL TAAWOUN,76.1,6,361,10,Saudi Pro League,Tier 1,Saudi Arabia,Asia
AL ETTIFAQ,73.8,7,535,-2,Saudi Pro League,Tier 1,Saudi Arabia,Asia
AL SHABAB,73.3,8,584,89,Saudi Pro League,Tier 1,Saudi Arabia,Asia
AL KHALEEJ,71.5,9,766,-32,Saudi Pro League,Tier 1,Saudi Arabia,Asia
AL FATEH,71.3,10,788,13,Saudi Pro League,Tier 1,Saudi Arabia,Asia
NEOM,70.6,11,886,77,Saudi Pro League,Tier 1,Saudi Arabia,Asia
AL FAYHA,70.1,12,962,68,Saudi Pro League,Tier 1,Saudi Arabia,Asia
AL KHOLOOD,69.1,13,1106,4,Saudi Pro League,Tier 1,Saudi Arabia,Asia
AL HAZEM,68.8,14,1147,-1,Saudi Pro League,Tier 1,Saudi Arabia,Asia
DAMAC,68.1,15,1244,-31,Saudi Pro League,Tier 1,Saudi Arabia,Asia
AL RIYADH,67.6,16,1336,41,Saudi Pro League,Tier 1,Saudi Arabia,Asia
AL OKHDOOD,67.2,17,1392,7,Saudi Pro League,Tier 1,Saudi Arabia,Asia
AL NAJMA,66.7,18,1486,26,Saudi Pro League,Tier 1,Saudi Arabia,Asia
CELTIC,80.6,1,132,14,Scottish Premiership,Tier 1,Scotland,Europe
RANGERS,80,2,154,-4,Scottish Premiership,Tier 1,Scotland,Europe
HEARTS,78.3,3,225,29,Scottish Premiership,Tier 1,Scotland,Europe
HIBERNIAN,75.2,4,428,13,Scottish Premiership,Tier 1,Scotland,Europe
MOTHERWELL,74.4,5,493,25,Scottish Premiership,Tier 1,Scotland,Europe
FALKIRK,72,6,711,-9,Scottish Premiership,Tier 1,Scotland,Europe
DUNDEE UNITED,70.7,7,878,-46,Scottish Premiership,Tier 1,Scotland,Europe
ABERDEEN,70.4,8,916,-65,Scottish Premiership,Tier 1,Scotland,Europe
ST. MIRREN,70.3,9,930,0,Scottish Premiership,Tier 1,Scotland,Europe
DUNDEE,69.3,10,1076,42,Scottish Premiership,Tier 1,Scotland,Europe
KILMARNOCK,68.8,11,1156,94,Scottish Premiership,Tier 1,Scotland,Europe
LIVINGSTON,66.7,12,1491,-41,Scottish Premiership,Tier 1,Scotland,Europe
CELJE,78,1,243,1,Slovenia PrvaLiga,Tier 1,Slovenia,Europe
MARIBOR,74,2,520,7,Slovenia PrvaLiga,Tier 1,Slovenia,Europe
KOPER,73.6,3,555,32,Slovenia PrvaLiga,Tier 1,Slovenia,Europe
OLIMPIJA,72.4,4,655,17,Slovenia PrvaLiga,Tier 1,Slovenia,Europe
BRAVO,70.8,5,865,-55,Slovenia PrvaLiga,Tier 1,Slovenia,Europe
RADOMLJE,68.8,6,1145,56,Slovenia PrvaLiga,Tier 1,Slovenia,Europe
ALUMINIJ,67.6,7,1331,-31,Slovenia PrvaLiga,Tier 1,Slovenia,Europe
PRIMORJE,67.2,8,1404,13,Slovenia PrvaLiga,Tier 1,Slovenia,Europe
MURA,66,9,1608,3,Slovenia PrvaLiga,Tier 1,Slovenia,Europe
DOMZALE,64.8,10,1920,11,Slovenia PrvaLiga,Tier 1,Slovenia,Europe
BARCELONA,94.6,1,7,-2,Spanish La Liga,Tier 1,Spain,Europe
REAL MADRID,92.3,2,12,-3,Spanish La Liga,Tier 1,Spain,Europe
ATLETICO DE MADRID,90.3,3,18,-6,Spanish La Liga,Tier 1,Spain,Europe
REAL BETIS,86,4,47,-2,Spanish La Liga,Tier 1,Spain,Europe
VILLARREAL,85.3,5,54,-8,Spanish La Liga,Tier 1,Spain,Europe
CELTA DE VIGO,84.5,6,60,-3,Spanish La Liga,Tier 1,Spain,Europe
ATHLETIC CLUB,83.5,7,66,-4,Spanish La Liga,Tier 1,Spain,Europe
REAL SOCIEDAD,83.4,8,68,-2,Spanish La Liga,Tier 1,Spain,Europe
OSASUNA,82.8,9,76,-4,Spanish La Liga,Tier 1,Spain,Europe
VALENCIA,81.9,10,93,-15,Spanish La Liga,Tier 1,Spain,Europe
ESPANYOL,81.5,11,102,-22,Spanish La Liga,Tier 1,Spain,Europe
ALAVES,81.5,12,104,-5,Spanish La Liga,Tier 1,Spain,Europe
RAYO VALLECANO,81,13,115,-19,Spanish La Liga,Tier 1,Spain,Europe
MALLORCA,81,14,116,-14,Spanish La Liga,Tier 1,Spain,Europe
SEVILLA,80.5,15,134,-24,Spanish La Liga,Tier 1,Spain,Europe
GIRONA,80.3,16,142,-36,Spanish La Liga,Tier 1,Spain,Europe
LEVANTE,80.1,17,150,-17,Spanish La Liga,Tier 1,Spain,Europe
ELCHE,80,18,153,-28,Spanish La Liga,Tier 1,Spain,Europe
GETAFE,79.8,19,159,-14,Spanish La Liga,Tier 1,Spain,Europe
REAL OVIEDO,78.1,20,235,-13,Spanish La Liga,Tier 1,Spain,Europe
RACING DE SANTANDER,77.5,1,265,-46,Spanish La Liga Segunda Division,Tier 2,Spain,Europe
CASTELLON,76.5,2,328,-29,Spanish La Liga Segunda Division,Tier 2,Spain,Europe
ALMERIA,76.4,3,336,-20,Spanish La Liga Segunda Division,Tier 2,Spain,Europe
LAS PALMAS,76.2,4,353,-42,Spanish La Liga Segunda Division,Tier 2,Spain,Europe
DEPORTIVO DE LA CORUNA,76.1,5,355,-16,Spanish La Liga Segunda Division,Tier 2,Spain,Europe
MALAGA,75.8,6,381,-36,Spanish La Liga Segunda Division,Tier 2,Spain,Europe
LEGANES,75.6,7,397,-61,Spanish La Liga Segunda Division,Tier 2,Spain,Europe
CORDOBA,75.2,8,426,-21,Spanish La Liga Segunda Division,Tier 2,Spain,Europe
EIBAR,74.9,9,450,-24,Spanish La Liga Segunda Division,Tier 2,Spain,Europe
GRANADA,74.8,10,456,-19,Spanish La Liga Segunda Division,Tier 2,Spain,Europe
BURGOS,74.6,11,477,-21,Spanish La Liga Segunda Division,Tier 2,Spain,Europe
CADIZ,74.6,12,480,-68,Spanish La Liga Segunda Division,Tier 2,Spain,Europe
ALBACETE,74.5,13,484,-22,Spanish La Liga Segunda Division,Tier 2,Spain,Europe
SPORTING DE GIJON,74.4,14,487,-62,Spanish La Liga Segunda Division,Tier 2,Spain,Europe
CEUTA,74.1,15,506,-39,Spanish La Liga Segunda Division,Tier 2,Spain,Europe
HUESCA,73.5,16,569,-37,Spanish La Liga Segunda Division,Tier 2,Spain,Europe
FC ANDORRA,73.1,17,603,-80,Spanish La Liga Segunda Division,Tier 2,Spain,Europe
REAL VALLADOLID,72.9,18,614,-77,Spanish La Liga Segunda Division,Tier 2,Spain,Europe
REAL SOCIEDAD II,72.6,19,643,-46,Spanish La Liga Segunda Division,Tier 2,Spain,Europe
MIRANDES,72,20,714,-69,Spanish La Liga Segunda Division,Tier 2,Spain,Europe
CULTURAL LEONESA,71.5,21,763,-127,Spanish La Liga Segunda Division,Tier 2,Spain,Europe
REAL ZARAGOZA,71.2,22,808,-108,Spanish La Liga Segunda Division,Tier 2,Spain,Europe
MJALLBY,81.6,1,99,-2,Swedish Allsvenskan,Tier 1,Sweden,Europe
HAMMARBY,79.4,2,181,-2,Swedish Allsvenskan,Tier 1,Sweden,Europe
DJURGARDEN,78.1,3,236,0,Swedish Allsvenskan,Tier 1,Sweden,Europe
GAIS,76.7,4,319,-1,Swedish Allsvenskan,Tier 1,Sweden,Europe
MALMO FF,76.6,5,326,-9,Swedish Allsvenskan,Tier 1,Sweden,Europe
IFK GOTEBORG,75.7,6,384,0,Swedish Allsvenskan,Tier 1,Sweden,Europe
AIK,75.3,7,418,-2,Swedish Allsvenskan,Tier 1,Sweden,Europe
SIRIUS,74.9,8,452,5,Swedish Allsvenskan,Tier 1,Sweden,Europe
ELFSBORG,74.1,9,509,-7,Swedish Allsvenskan,Tier 1,Sweden,Europe
HACKEN,74,10,516,-5,Swedish Allsvenskan,Tier 1,Sweden,Europe
KALMAR,71.5,11,759,-1,Swedish Allsvenskan,Tier 1,Sweden,Europe
VASTERAS,71.5,12,761,-2,Swedish Allsvenskan,Tier 1,Sweden,Europe
DEGERFORS,71.4,13,782,-6,Swedish Allsvenskan,Tier 1,Sweden,Europe
HALMSTAD,71.3,14,797,-13,Swedish Allsvenskan,Tier 1,Sweden,Europe
BROMMAPOJKARNA,71.1,15,835,-17,Swedish Allsvenskan,Tier 1,Sweden,Europe
ORGRYTE,70.7,16,874,-2,Swedish Allsvenskan,Tier 1,Sweden,Europe
GALATASARAY,86.4,1,44,-2,Turkish Super Lig,Tier 1,Turkey,Europe
FENERBAHCE,85.4,2,52,-4,Turkish Super Lig,Tier 1,Turkey,Europe
BESIKTAS,78.8,3,207,-10,Turkish Super Lig,Tier 1,Turkey,Europe
TRABZONSPOR,78.8,4,209,-22,Turkish Super Lig,Tier 1,Turkey,Europe
GOZTEPE,78.1,5,238,0,Turkish Super Lig,Tier 1,Turkey,Europe
ISTANBUL BASAKSEHIR,77.8,6,248,-11,Turkish Super Lig,Tier 1,Turkey,Europe
SAMSUNSPOR,76.5,7,332,21,Turkish Super Lig,Tier 1,Turkey,Europe
ALANYASPOR,74.3,8,500,-65,Turkish Super Lig,Tier 1,Turkey,Europe
GAZIANTEP FK,73.9,9,526,-28,Turkish Super Lig,Tier 1,Turkey,Europe
KOCAELISPOR,73.6,10,557,-12,Turkish Super Lig,Tier 1,Turkey,Europe
RIZESPOR,73.5,11,570,10,Turkish Super Lig,Tier 1,Turkey,Europe
GENCLERBIRLIGI,73.4,12,578,17,Turkish Super Lig,Tier 1,Turkey,Europe
KONYASPOR,72.7,13,631,-6,Turkish Super Lig,Tier 1,Turkey,Europe
EYUPSPOR,72.6,14,637,91,Turkish Super Lig,Tier 1,Turkey,Europe
KASIMPASA,72.2,15,685,-43,Turkish Super Lig,Tier 1,Turkey,Europe
KAYSERISPOR,71.5,16,767,-18,Turkish Super Lig,Tier 1,Turkey,Europe
ANTALYASPOR,71.2,17,818,-6,Turkish Super Lig,Tier 1,Turkey,Europe
FATIH KARAGUMRUK,69.9,18,998,-21,Turkish Super Lig,Tier 1,Turkey,Europe
INTER MIAMI,83.4,1,67,3,US Major League Soccer,Tier 1,USA,North America
LOS ANGELES,82.2,2,88,-5,US Major League Soccer,Tier 1,USA,North America
SEATTLE SOUNDERS,82.1,3,90,-4,US Major League Soccer,Tier 1,USA,North America
VANCOUVER WHITECAPS,81,4,117,-8,US Major League Soccer,Tier 1,USA,North America
PHILADELPHIA UNION,80.3,5,141,-6,US Major League Soccer,Tier 1,USA,North America
COLUMBUS CREW,80.2,6,143,-7,US Major League Soccer,Tier 1,USA,North America
SAN DIEGO,79.6,7,167,-6,US Major League Soccer,Tier 1,USA,North America
CINCINNATI,79.2,8,191,-14,US Major League Soccer,Tier 1,USA,North America
NEW YORK CITY,79,9,196,-12,US Major League Soccer,Tier 1,USA,North America
MINNESOTA UNITED,78.2,10,232,-9,US Major League Soccer,Tier 1,USA,North America
ORLANDO CITY,78.1,11,237,-8,US Major League Soccer,Tier 1,USA,North America
NASHVILLE SC,77.7,12,253,-8,US Major League Soccer,Tier 1,USA,North America
CHICAGO FIRE,77.6,13,257,-6,US Major League Soccer,Tier 1,USA,North America
CHARLOTTE,77.6,14,261,-6,US Major League Soccer,Tier 1,USA,North America
LA GALAXY,77.2,15,284,-21,US Major League Soccer,Tier 1,USA,North America
NEW YORK RB,76.9,16,307,-22,US Major League Soccer,Tier 1,USA,North America
DALLAS,76.5,17,327,-14,US Major League Soccer,Tier 1,USA,North America
PORTLAND TIMBERS,76.4,18,341,-14,US Major League Soccer,Tier 1,USA,North America
REAL SALT LAKE,75.7,19,388,-12,US Major League Soccer,Tier 1,USA,North America
AUSTIN,75.1,20,435,-16,US Major League Soccer,Tier 1,USA,North America
HOUSTON DYNAMO,74.8,21,461,-13,US Major League Soccer,Tier 1,USA,North America
ST. LOUIS CITY,74.8,22,463,-13,US Major League Soccer,Tier 1,USA,North America
COLORADO RAPIDS,74.7,23,469,-8,US Major League Soccer,Tier 1,USA,North America
TORONTO,74.3,24,498,-16,US Major League Soccer,Tier 1,USA,North America
SJ EARTHQUAKES,74,25,512,-16,US Major League Soccer,Tier 1,USA,North America
ATLANTA UNITED,73.8,26,534,-22,US Major League Soccer,Tier 1,USA,North America
NEW ENGLAND,73.8,27,539,-24,US Major League Soccer,Tier 1,USA,North America
MONTREAL,72.8,28,630,-9,US Major League Soccer,Tier 1,USA,North America
SPORTING KC,72.4,29,660,-16,US Major League Soccer,Tier 1,USA,North America
DC UNITED,71.6,30,753,-18,US Major League Soccer,Tier 1,USA,North America